spectrum,space
(4.222168195715084e-28+0j),0.1
(-1.5288498498976578e-40+1.9828770589470766e-40j),1.100900900900901
(-4.2714612459945226e-41+1.316058550738314e-40j),2.101801801801802
(-1.891432706290292e-41+9.174185109089864e-41j),3.1027027027027025
(-1.03308071113428e-41+6.985587223277943e-41j),4.103603603603603
(-6.314680509654051e-42+5.627401081545129e-41j),5.104504504504504
(-4.11897993369231e-42+4.706917828479023e-41j),6.1054054054054046
(-2.7951038672931496e-42+4.0435226908969877e-41j),7.106306306306306
(-1.9287940091887054e-42+3.543503121477266e-41j),8.107207207207207
(-1.3414569113537695e-42+3.152553681753013e-41j),9.108108108108107
(-9.1669666885332e-43+2.838984152102778e-41j),10.109009009009009
(-6.02597281454424e-43+2.582041962062685e-41j),11.10990990990991
(-3.630839379722193e-43+2.3676277971400745e-41j),12.11081081081081
(-1.7676251285829709e-43+2.1857848213316495e-41j),13.111711711711711
(-2.922059055013944e-44+2.0301022549986635e-41j),14.112612612612612
(9.033869185717352e-44+1.8951202915961752e-41j),15.113513513513514
(1.8412450683352284e-43+1.7764021847348283e-41j),16.114414414414416
(2.6774389771550008e-43+1.6723883678302652e-41j),17.115315315315318
(3.329482127062663e-43+1.5792584989168678e-41j),18.116216216216216
(3.929250467884735e-43+1.4960992584508819e-41j),19.117117117117118
(4.428612866346656e-43+1.421005977733716e-41j),20.11801801801802
(4.837779714483086e-43+1.3535508506642836e-41j),21.11891891891892
(5.226109608929054e-43+1.291857306378418e-41j),22.11981981981982
(5.527037397744945e-43+1.235684479758089e-41j),23.120720720720723
(5.784680011059465e-43+1.1841714904637372e-41j),24.12162162162162
(6.034224456650712e-43+1.136478650861768e-41j),25.122522522522523
(6.245048501312897e-43+1.0925979093383666e-41j),26.123423423423425
(6.452229613381737e-43+1.0520520910407862e-41j),27.124324324324327
(6.654675075046107e-43+1.013769955463076e-41j),28.125225225225226
(6.808154905938069e-43+9.79136079459257e-42j),29.126126126126128
(6.918852281457526e-43+9.462249993930402e-42j),30.12702702702703
(7.045258112903182e-43+9.155562154034947e-42j),31.127927927927928
(7.214341007744392e-43+8.867096479410938e-42j),32.12882882882883
(7.28985880774523e-43+8.599366666560916e-42j),33.12972972972973
(7.379745716219822e-43+8.344850939612991e-42j),34.130630630630634
(7.45202206787602e-43+8.103688217095736e-42j),35.131531531531536
(7.548165973300167e-43+7.876342830564966e-42j),36.13243243243243
(7.616515843621521e-43+7.661847237986739e-42j),37.13333333333333
(7.70449666854136e-43+7.460636544906137e-42j),38.134234234234235
(7.745458900248274e-43+7.267454316120595e-42j),39.13513513513514
(7.7974274984098e-43+7.085457182220734e-42j),40.13603603603604
(7.856210715117883e-43+6.908160485921625e-42j),41.13693693693694
(7.918427446047268e-43+6.741058931867367e-42j),42.137837837837836
(7.97282624061605e-43+6.581486798188018e-42j),43.13873873873874
(7.996580109627573e-43+6.430896098433553e-42j),44.13963963963964
(8.051657401700366e-43+6.286858724159353e-42j),45.14054054054054
(8.075863245754614e-43+6.148274745647566e-42j),46.141441441441444
(8.13267678887761e-43+6.015742766594899e-42j),47.142342342342346
(8.158084856110886e-43+5.890578549541868e-42j),48.14324324324324
(8.181524035842891e-43+5.766848738209983e-42j),49.14414414414414
(8.215640718117013e-43+5.651071231022714e-42j),50.145045045045045
(8.254415713840749e-43+5.5371759056742e-42j),51.14594594594595
(8.235669210657107e-43+5.425948758071612e-42j),52.14684684684685
(8.294988248523375e-43+5.324043199804856e-42j),53.14774774774775
(8.333521418531034e-43+5.2224527784792836e-42j),54.14864864864865
(8.332776128213982e-43+5.1277350959844775e-42j),55.14954954954955
(8.363638756056352e-43+5.0307375057730497e-42j),56.15045045045045
(8.383501966357382e-43+4.9427032529975116e-42j),57.15135135135135
(8.421220546034001e-43+4.8557527288597303e-42j),58.152252252252254
(8.42821858264801e-43+4.7708927558464865e-42j),59.153153153153156
(8.448422023116609e-43+4.692885845255036e-42j),60.15405405405406
(8.468554510031946e-43+4.610600624291703e-42j),61.15495495495495
(8.481781709061287e-43+4.5365130079556625e-42j),62.155855855855854
(8.483309572735067e-43+4.463208271337095e-42j),63.15675675675676
(8.449923317099562e-43+4.38561774340788e-42j),64.15765765765765
(8.504490430462376e-43+4.3210379859601886e-42j),65.15855855855855
(8.523257135026535e-43+4.2542215891995165e-42j),66.15945945945946
(8.546388866383139e-43+4.1889642835088586e-42j),67.16036036036036
(8.596602476987005e-43+4.1267297283358376e-42j),68.16126126126126
(8.559900615742896e-43+4.063486987885464e-42j),69.16216216216216
(8.559893447412946e-43+4.0032645573087177e-42j),70.16306306306306
(8.592992474151352e-43+3.9446434278371667e-42j),71.16396396396395
(8.60084654086168e-43+3.893066075831342e-42j),72.16486486486485
(8.596819314115467e-43+3.8333659737090476e-42j),73.16576576576576
(8.606760226666567e-43+3.781311505092524e-42j),74.16666666666666
(8.62324256916887e-43+3.725798815633968e-42j),75.16756756756756
(8.597996399992212e-43+3.6757436966574996e-42j),76.16846846846846
(8.648827604488323e-43+3.62607375176533e-42j),77.16936936936936
(8.6506849781408e-43+3.5769576948474434e-42j),78.17027027027027
(8.657369412470192e-43+3.532155038077663e-42j),79.17117117117117
(8.751613367366629e-43+3.487817264643568e-42j),80.17207207207207
(8.661654818106799e-43+3.440238452509685e-42j),81.17297297297297
(8.671994807986984e-43+3.396479969297523e-42j),82.17387387387387
(8.682784567834082e-43+3.35332709372724e-42j),83.17477477477478
(8.687292953756908e-43+3.311597330082134e-42j),84.17567567567566
(8.678268964262094e-43+3.270268239914291e-42j),85.17657657657657
(8.672778810276484e-43+3.228301747045027e-42j),86.17747747747747
(8.699647876304078e-43+3.192642101483381e-42j),87.17837837837837
(8.698981259151821e-43+3.151655322371154e-42j),88.17927927927927
(8.713480069076778e-43+3.117046603843485e-42j),89.18018018018017
(8.70911625239686e-43+3.076570395843796e-42j),90.18108108108108
(8.731001675271537e-43+3.044914728760585e-42j),91.18198198198198
(8.750204427302165e-43+3.009438348249922e-42j),92.18288288288288
(8.740156028287838e-43+2.976549929253986e-42j),93.18378378378378
(8.742525021004018e-43+2.941090108566994e-42j),94.18468468468468
(8.737299079009538e-43+2.906745050068969e-42j),95.18558558558559
(8.752972653487676e-43+2.87861193409598e-42j),96.18648648648647
(8.747558376541932e-43+2.8441917251445662e-42j),97.18738738738737
(8.7420884841164e-43+2.813980595818165e-42j),98.18828828828828
(8.775304401904515e-43+2.7837057661227175e-42j),99.18918918918918
(8.763062208054664e-43+2.7546417330513996e-42j),100.19009009009008
(8.764954892247597e-43+2.7245760529671748e-42j),101.19099099099098
(8.76326225937194e-43+2.694232124197985e-42j),102.19189189189188
(8.765742116382362e-43+2.6687975068791625e-42j),103.19279279279279
(8.773400719189531e-43+2.6386417359538003e-42j),104.19369369369369
(8.765713596215923e-43+2.612955303681967e-42j),105.19459459459459
(8.79348153194234e-43+2.5864185687643786e-42j),106.19549549549549
(8.781120166510855e-43+2.5595599992155774e-42j),107.1963963963964
(8.777384361783427e-43+2.535709823703148e-42j),108.1972972972973
(8.776423175034594e-43+2.509400802345323e-42j),109.19819819819818
(8.811312184098212e-43+2.4852915669130473e-42j),110.19909909909909
(8.787839016636128e-43+2.4619744649513953e-42j),111.19999999999999
(8.858425473354106e-43+2.4380369291660247e-42j),112.20090090090089
(8.793966103404603e-43+2.414818607096919e-42j),113.20180180180179
(8.787406562298681e-43+2.3905815775735555e-42j),114.2027027027027
(8.809046246435993e-43+2.367888866444986e-42j),115.2036036036036
(8.811786578752658e-43+2.3482872672003983e-42j),116.2045045045045
(8.81602464096099e-43+2.3238103569819722e-42j),117.2054054054054
(8.81413623334841e-43+2.3014706064323314e-42j),118.2063063063063
(8.807264663073319e-43+2.2814857751743256e-42j),119.2072072072072
(8.803171374344793e-43+2.261884907726419e-42j),120.2081081081081
(8.818585533640052e-43+2.2401736857947105e-42j),121.20900900900901
(8.802674667429872e-43+2.2202338120058792e-42j),122.2099099099099
(8.821348876226825e-43+2.200746251397858e-42j),123.2108108108108
(8.802399423998915e-43+2.181069474067299e-42j),124.2117117117117
(8.832641477265813e-43+2.1614436101088846e-42j),125.2126126126126
(8.823367843323689e-43+2.1409262375785386e-42j),126.2135135135135
(8.838049069007572e-43+2.122000670840424e-42j),127.2144144144144
(8.86813884448664e-43+2.1063108155968943e-42j),128.2153153153153
(8.825477787707625e-43+2.086105782224477e-42j),129.2162162162162
(8.82789546529961e-43+2.0688773063494704e-42j),130.2171171171171
(8.840681060637506e-43+2.0507356428363626e-42j),131.218018018018
(8.840701387715906e-43+2.0319066699137252e-42j),132.21891891891892
(8.841508976595992e-43+2.0157036671470252e-42j),133.2198198198198
(8.852418137207078e-43+1.996363293880814e-42j),134.22072072072072
(8.845087929753983e-43+1.9828278590125735e-42j),135.2216216216216
(8.869577102275363e-43+1.9653895023224708e-42j),136.22252252252252
(8.847391611472423e-43+1.949738523457294e-42j),137.2234234234234
(8.846072125768765e-43+1.9345506213786886e-42j),138.22432432432433
(8.848579916293702e-43+1.9181415816667157e-42j),139.22522522522522
(8.83973164341969e-43+1.9027023338365157e-42j),140.22612612612613
(8.846691528621945e-43+1.886122622240482e-42j),141.22702702702702
(8.872501177467229e-43+1.8713241387347537e-42j),142.2279279279279
(8.86394867646226e-43+1.8563998992814078e-42j),143.22882882882882
(8.820454258900121e-43+1.838171004940651e-42j),144.2297297297297
(8.861998010586095e-43+1.8263330932359483e-42j),145.23063063063063
(8.86311708128136e-43+1.811719594622831e-42j),146.23153153153152
(8.856323402973903e-43+1.7985323375459872e-42j),147.23243243243243
(8.866223843942402e-43+1.78643991333271e-42j),148.23333333333332
(8.850601532943164e-43+1.7709604185140284e-42j),149.23423423423424
(8.87411569762271e-43+1.758232780524551e-42j),150.23513513513512
(8.883345150489032e-43+1.7421732791771665e-42j),151.23603603603604
(8.894834974193713e-43+1.7278101188511926e-42j),152.23693693693693
(8.85125040110262e-43+1.7167299929024505e-42j),153.23783783783784
(8.884377300112897e-43+1.7020960205805844e-42j),154.23873873873873
(8.859431923047401e-43+1.6896444017087827e-42j),155.23963963963962
(8.858961023528652e-43+1.6763438198573533e-42j),156.24054054054054
(8.863583572022376e-43+1.6636569553522764e-42j),157.24144144144142
(8.861283566782285e-43+1.652136819353014e-42j),158.24234234234234
(8.874295762986387e-43+1.6399245473970883e-42j),159.24324324324323
(8.72048406977466e-43+1.6389508467284243e-42j),160.24414414414414
(8.878294968802323e-43+1.615443151301526e-42j),161.24504504504503
(8.880803067160581e-43+1.6065299034644596e-42j),162.24594594594595
(8.871977785049282e-43+1.5927551897946663e-42j),163.24684684684684
(8.875782776855506e-43+1.5775539461157477e-42j),164.24774774774775
(8.878642323424733e-43+1.5695541224885662e-42j),165.24864864864864
(8.886355524521083e-43+1.5607969157906277e-42j),166.24954954954956
(8.879963182203981e-43+1.5468880000557535e-42j),167.25045045045044
(8.881329612505057e-43+1.5271500785153106e-42j),168.25135135135133
(8.880179757562167e-43+1.5236782542970907e-42j),169.25225225225225
(8.886403820340748e-43+1.511160245504449e-42j),170.25315315315314
(8.883335002040048e-43+1.5034324036293335e-42j),171.25405405405405
(8.872373396637492e-43+1.4939958681348985e-42j),172.25495495495494
(8.884537656016705e-43+1.4810254080375436e-42j),173.25585585585586
(8.895179116454155e-43+1.468314156201213e-42j),174.25675675675674
(8.874939368282519e-43+1.4601196719067632e-42j),175.25765765765766
(8.885472495730573e-43+1.4469387942532518e-42j),176.25855855855855
(8.889207977956157e-43+1.4397063475066678e-42j),177.25945945945946
(8.882245046247266e-43+1.4293991172752616e-42j),178.26036036036035
(8.887350722484023e-43+1.4191447456991192e-42j),179.26126126126127
(8.87803569311439e-43+1.4117537738865962e-42j),180.26216216216216
(8.885429192514426e-43+1.4009526339657097e-42j),181.26306306306304
(8.874228830219153e-43+1.3863683060857347e-42j),182.26396396396396
(8.881375808802951e-43+1.3806006415668024e-42j),183.26486486486485
(8.879715683581013e-43+1.3708946847425361e-42j),184.26576576576576
(8.882088950074232e-43+1.3622277170521541e-42j),185.26666666666665
(8.893843901232155e-43+1.3537583993726674e-42j),186.26756756756757
(8.877723887403374e-43+1.3447519478797467e-42j),187.26846846846846
(8.876831941940852e-43+1.3350432501262842e-42j),188.26936936936937
(8.894188161068203e-43+1.3257570462218805e-42j),189.27027027027026
(8.89996069221318e-43+1.3176963192746946e-42j),190.27117117117118
(8.887333523828632e-43+1.3076304085869205e-42j),191.27207207207206
(8.921786335688322e-43+1.2996355136400124e-42j),192.27297297297295
(8.88706987218753e-43+1.2909555967743644e-42j),193.27387387387387
(8.917030696898151e-43+1.2825258315781273e-42j),194.27477477477476
(8.895926411833208e-43+1.2750839473269744e-42j),195.27567567567567
(8.902144473376368e-43+1.2612517467386484e-42j),196.27657657657656
(8.88558028722463e-43+1.2558977699900831e-42j),197.27747747747748
(8.8944875486449e-43+1.2478082243583278e-42j),198.27837837837836
(8.894262694801603e-43+1.2405668881434101e-42j),199.27927927927928
(8.724372135009165e-43+1.2312543855504941e-42j),200.28018018018017
(8.90096221347192e-43+1.2231838633023045e-42j),201.28108108108108
(8.899088130471053e-43+1.2165270471509384e-42j),202.28198198198197
(8.89713007077783e-43+1.2072377054633981e-42j),203.2828828828829
(8.918404343146032e-43+1.1998664501045419e-42j),204.28378378378378
(8.89855046689169e-43+1.1911649326809427e-42j),205.28468468468466
(8.915094137607896e-43+1.1847504994094751e-42j),206.28558558558558
(8.906905131051533e-43+1.1754485378728439e-42j),207.28648648648647
(8.902364918959416e-43+1.1690614466895577e-42j),208.28738738738738
(8.89714137143416e-43+1.1611411883520958e-42j),209.28828828828827
(8.919175330193672e-43+1.1520456196502847e-42j),210.2891891891892
(8.896989579731058e-43+1.1459174802631259e-42j),211.29009009009008
(8.893112702546287e-43+1.1385438418012029e-42j),212.290990990991
(8.902044919798768e-43+1.1308066473366779e-42j),213.29189189189188
(8.90215185146452e-43+1.1250577747543881e-42j),214.2927927927928
(8.896314518266486e-43+1.1157251237019098e-42j),215.29369369369368
(8.964842369751869e-43+1.1089707818334304e-42j),216.2945945945946
(8.909490203025762e-43+1.1031914625715973e-42j),217.2954954954955
(8.90961936353418e-43+1.095580238596766e-42j),218.29639639639637
(8.915937953044108e-43+1.0893023986696455e-42j),219.2972972972973
(8.874331321864744e-43+1.0792052416965594e-42j),220.29819819819818
(8.90490560422876e-43+1.0732652792280987e-42j),221.2990990990991
(8.897247327021552e-43+1.0667395878407687e-42j),222.29999999999998
(8.897485997380822e-43+1.0615022119958076e-42j),223.3009009009009
(8.957898410932878e-43+1.0588515289855062e-42j),224.3018018018018
(8.923439571368973e-43+1.0491837755417152e-42j),225.3027027027027
(8.887607180644437e-43+1.0415335131304803e-42j),226.3036036036036
(8.9110970108773e-43+1.0334421945507271e-42j),227.3045045045045
(8.930427711483093e-43+1.0287354133336929e-42j),228.3054054054054
(8.894015464832197e-43+1.0211147487090328e-42j),229.3063063063063
(8.904287773745068e-43+1.0157826492613038e-42j),230.3072072072072
(8.908096047941218e-43+1.0089747132313257e-42j),231.3081081081081
(8.910329360324269e-43+1.0000156413776031e-42j),232.309009009009
(8.912382458646327e-43+9.957679358583843e-43j),233.3099099099099
(8.91607064191012e-43+9.87860569628944e-43j),234.3108108108108
(8.899878398425086e-43+9.8391416042054e-43j),235.3117117117117
(8.918669804697193e-43+9.770101168310263e-43j),236.3126126126126
(8.906194733790702e-43+9.714562147614723e-43j),237.3135135135135
(8.91047021236159e-43+9.647263879470625e-43j),238.31441441441441
(8.910571493444182e-43+9.59703897349288e-43j),239.3153153153153
(8.947818197246603e-43+9.50650291465519e-43j),240.31621621621622
(8.901210530164463e-43+9.449764565634093e-43j),241.3171171171171
(8.91803345498805e-43+9.440890951462122e-43j),242.31801801801802
(8.902970456846499e-43+9.35630866639741e-43j),243.3189189189189
(8.933033878868066e-43+9.283161135718005e-43j),244.3198198198198
(8.913479674249234e-43+9.250474150120347e-43j),245.32072072072071
(8.903730036677742e-43+9.182587000827826e-43j),246.3216216216216
(8.907172538927736e-43+9.133737171681081e-43j),247.32252252252252
(8.884597225222738e-43+9.074849490535098e-43j),248.3234234234234
(8.914764729600788e-43+8.998839800608195e-43j),249.32432432432432
(8.921674958786111e-43+8.964722847610142e-43j),250.3252252252252
(8.919033162934642e-43+8.89026454991409e-43j),251.32612612612613
(8.946553099498117e-43+8.851748256787187e-43j),252.32702702702701
(8.91320461705008e-43+8.789429793524958e-43j),253.32792792792793
(8.910227420161937e-43+8.731981692626151e-43j),254.32882882882882
(8.926554616625203e-43+8.669643034063942e-43j),255.32972972972973
(8.899028908718286e-43+8.671164558941638e-43j),256.33063063063065
(8.916833821111971e-43+8.555379169620401e-43j),257.33153153153154
(8.925277466977257e-43+8.506473628920485e-43j),258.3324324324324
(8.924033262663333e-43+8.444944521058598e-43j),259.33333333333337
(8.896736896708719e-43+8.408351056258529e-43j),260.33423423423426
(8.92088688191538e-43+8.34563701977951e-43j),261.33513513513515
(8.910650875117048e-43+8.287411078384065e-43j),262.33603603603603
(8.917957254527702e-43+8.246017711232138e-43j),263.336936936937
(8.910248282536654e-43+8.214349998876577e-43j),264.33783783783787
(8.911673518397076e-43+8.144247557698801e-43j),265.33873873873875
(8.939414271631097e-43+8.09280176610176e-43j),266.33963963963964
(8.918282314532543e-43+8.040020607913884e-43j),267.3405405405406
(8.929329341490894e-43+7.992663196502577e-43j),268.3414414414415
(8.912565365134115e-43+7.941341815561749e-43j),269.34234234234236
(8.90373675083708e-43+7.892047177789797e-43j),270.34324324324325
(8.91520474333643e-43+7.84264019216666e-43j),271.34414414414414
(8.927163450058062e-43+7.72864717564819e-43j),272.3450450450451
(8.911183824210988e-43+7.741478418296638e-43j),273.34594594594597
(8.927507700318281e-43+7.703738143893064e-43j),274.34684684684686
(8.919046113303865e-43+7.646123611778363e-43j),275.34774774774775
(8.932930877537137e-43+7.574374768951052e-43j),276.3486486486487
(8.932031671763234e-43+7.551765936389855e-43j),277.3495495495496
(8.92580357457774e-43+7.486589660691994e-43j),278.35045045045047
(8.920850369797204e-43+7.458048998590585e-43j),279.35135135135135
(8.911536573315209e-43+7.409268622058057e-43j),280.3522522522523
(8.923058869131125e-43+7.35887161744193e-43j),281.3531531531532
(8.937194860693944e-43+7.298368524661194e-43j),282.3540540540541
(8.918059077285998e-43+7.263634362355224e-43j),283.35495495495496
(8.959400131076515e-43+7.21197896294796e-43j),284.35585585585585
(8.926076361891627e-43+7.160693365914925e-43j),285.3567567567568
(8.935072335969842e-43+7.131695333371945e-43j),286.3576576576577
(8.918841044027708e-43+7.07812936385813e-43j),287.35855855855857
(8.94834243407484e-43+6.997308912192957e-43j),288.35945945945946
(8.910989297032573e-43+6.9921926759368436e-43j),289.3603603603604
(8.927017788460114e-43+6.9214992124922895e-43j),290.3612612612613
(8.922228779045241e-43+6.896177700540461e-43j),291.3621621621622
(8.899474972992056e-43+6.833912280516974e-43j),292.36306306306307
(8.921426644897228e-43+6.8137681260653635e-43j),293.363963963964
(8.911884428446758e-43+6.7558079012799765e-43j),294.3648648648649
(8.919135204010018e-43+6.703962842340372e-43j),295.3657657657658
(8.90977503901359e-43+6.7207350740594984e-43j),296.3666666666667
(8.920173005582235e-43+6.640846904940206e-43j),297.36756756756756
(8.933340305277513e-43+6.592680650475069e-43j),298.3684684684685
(8.919087514539828e-43+6.540018689947098e-43j),299.3693693693694
(8.947556718976694e-43+6.5028270265795735e-43j),300.3702702702703
(8.919758186031068e-43+6.445241646932233e-43j),301.37117117117117
(8.915712790806335e-43+6.431719429223283e-43j),302.3720720720721
(8.916834359833318e-43+6.373796001023093e-43j),303.372972972973
(8.947738287539715e-43+6.302560476402934e-43j),304.3738738738739
(8.920348711412114e-43+6.293151612374045e-43j),305.3747747747748
(8.924978291129144e-43+6.249455891288192e-43j),306.3756756756757
(8.910136966774097e-43+6.206798210853325e-43j),307.3765765765766
(8.89882228485986e-43+6.121300385081599e-43j),308.3774774774775
(8.92170833058297e-43+6.129536162833065e-43j),309.3783783783784
(8.928178430819883e-43+6.081018646077566e-43j),310.3792792792793
(8.930269115728658e-43+6.048796624351242e-43j),311.3801801801802
(8.963274724657853e-43+6.057325590971127e-43j),312.3810810810811
(8.910555862711804e-43+5.9679757559387555e-43j),313.381981981982
(8.939281448310846e-43+5.9190056136765425e-43j),314.3828828828829
(8.908302163287883e-43+5.878764449002884e-43j),315.3837837837838
(8.932210219699507e-43+5.813222679772119e-43j),316.3846846846847
(8.921923643612043e-43+5.791982125334405e-43j),317.3855855855856
(8.94305072048441e-43+5.747512722583743e-43j),318.3864864864865
(8.926456313217638e-43+5.72367246575455e-43j),319.38738738738743
(8.894388465334481e-43+5.659752051811202e-43j),320.3882882882883
(8.922900804422061e-43+5.645785518471797e-43j),321.3891891891892
(8.931121466372915e-43+5.597831586843049e-43j),322.3900900900901
(8.917364295120614e-43+5.558093230678237e-43j),323.390990990991
(8.939652163398476e-43+5.542575067871692e-43j),324.39189189189193
(8.938189556429055e-43+5.476943375459394e-43j),325.3927927927928
(8.927313853969993e-43+5.45736144557766e-43j),326.3936936936937
(8.9189161002375e-43+5.406977664154294e-43j),327.3945945945946
(8.915240060641077e-43+5.388858155606716e-43j),328.39549549549554
(8.928084390440206e-43+5.321102660221061e-43j),329.3963963963964
(8.91411772638899e-43+5.303387516890722e-43j),330.3972972972973
(8.933037602825763e-43+5.24981338154959e-43j),331.3981981981982
(8.943919867898628e-43+5.242914957132191e-43j),332.39909909909915
(8.918898293215159e-43+5.176816884178288e-43j),333.40000000000003
(8.913569411763323e-43+5.1207993783451186e-43j),334.4009009009009
(8.930341632826411e-43+5.091938337771422e-43j),335.4018018018018
(8.93803954538253e-43+5.048807523383663e-43j),336.4027027027027
(8.921986530589648e-43+5.028717271474359e-43j),337.40360360360364
(8.924052748970886e-43+4.992068364920889e-43j),338.40450450450453
(8.914125286353661e-43+4.967979383501049e-43j),339.4054054054054
(8.895575998891293e-43+4.927865930668843e-43j),340.4063063063063
(8.935104456105618e-43+4.878529566375019e-43j),341.40720720720725
(8.920275712470276e-43+4.847480777448511e-43j),342.40810810810814
(8.921766795552112e-43+4.809126252130438e-43j),343.409009009009
(8.902753810020917e-43+4.794777968187122e-43j),344.4099099099099
(8.929106778021997e-43+4.7346036703858464e-43j),345.41081081081086
(8.949184635051288e-43+4.703910748959045e-43j),346.41171171171175
(8.928410768139729e-43+4.660345354331174e-43j),347.41261261261263
(8.888469677226366e-43+4.616397282504851e-43j),348.4135135135135
(8.932274946570421e-43+4.606493962990117e-43j),349.4144144144144
(8.910946431766695e-43+4.5553978600629515e-43j),350.41531531531535
(8.913897337798014e-43+4.52251839773789e-43j),351.41621621621624
(8.915310140984706e-43+4.5426619844143525e-43j),352.41711711711713
(8.925358027802189e-43+4.454846069084559e-43j),353.418018018018
(8.924512065683546e-43+4.4189195831829415e-43j),354.41891891891896
(8.935098574017899e-43+4.374758492746498e-43j),355.41981981981985
(8.909723074914498e-43+4.357038120552866e-43j),356.42072072072074
(8.924401159832912e-43+4.320675419909532e-43j),357.4216216216216
(8.932303464465403e-43+4.287852180463714e-43j),358.42252252252257
(8.924316457007009e-43+4.249656305230305e-43j),359.42342342342346
(8.920868900656873e-43+4.2199238152292925e-43j),360.42432432432435
(8.922657941246598e-43+4.170075687766738e-43j),361.42522522522523
(8.9470302501899e-43+4.1541053177399764e-43j),362.4261261261261
(8.933969808717114e-43+4.105976073742225e-43j),363.42702702702707
(8.961699368871515e-43+4.082744373155903e-43j),364.42792792792795
(8.913740770831763e-43+4.04027350434036e-43j),365.42882882882884
(8.925385954095774e-43+4.016563977320823e-43j),366.42972972972973
(8.93504084615452e-43+3.988316881555043e-43j),367.4306306306307
(8.916835733998023e-43+3.9338319307671645e-43j),368.43153153153156
(8.929560885222647e-43+3.906916109162572e-43j),369.43243243243245
(8.92619910725513e-43+3.875035534928395e-43j),370.43333333333334
(8.918032373423826e-43+3.8447539877334914e-43j),371.4342342342343
(8.912713694546736e-43+3.789054401297064e-43j),372.43513513513517
(8.925262385577556e-43+3.774279997966358e-43j),373.43603603603606
(8.949605188694186e-43+3.720025715770639e-43j),374.43693693693695
(8.93537463486431e-43+3.6921650540058374e-43j),375.43783783783783
(8.962389819036061e-43+3.6256104115924435e-43j),376.4387387387388
(8.923700563923568e-43+3.637749616086787e-43j),377.43963963963967
(8.906234120565986e-43+3.606135875948329e-43j),378.44054054054055
(8.929304334420691e-43+3.582604006936492e-43j),379.44144144144144
(8.907102890526335e-43+3.5407144590449085e-43j),380.4423423423424
(8.939351934676178e-43+3.5209916046377744e-43j),381.4432432432433
(8.929928442211963e-43+3.481471596264556e-43j),382.44414414414416
(8.917308446597793e-43+3.43964622245018e-43j),383.44504504504505
(8.947239374377579e-43+3.3674292621347928e-43j),384.44594594594594
(8.928383741079979e-43+3.3789834014812442e-43j),385.4468468468469
(8.931877913992833e-43+3.3532339358268357e-43j),386.44774774774777
(8.9286677673798e-43+3.3221502781560117e-43j),387.44864864864866
(8.91891059960113e-43+3.3116372056290555e-43j),388.44954954954954
(8.924492032163476e-43+3.2587477420949407e-43j),389.4504504504505
(8.925445188112248e-43+3.2119449824379734e-43j),390.4513513513514
(8.938708742678959e-43+3.1914961955625393e-43j),391.45225225225226
(8.944560795132494e-43+3.1315487295133967e-43j),392.45315315315315
(8.946932566015656e-43+3.123130195698003e-43j),393.4540540540541
(8.914511986353101e-43+3.0843358183354633e-43j),394.454954954955
(8.927713927000083e-43+3.0601053448658577e-43j),395.4558558558559
(8.93149360787206e-43+3.0220537683386913e-43j),396.45675675675676
(8.92454781787063e-43+2.9937907208597227e-43j),397.45765765765765
(8.933999055525232e-43+2.9842743786816307e-43j),398.4585585585586
(8.916313603678522e-43+2.924244917033722e-43j),399.4594594594595
(8.839166505206654e-43+2.7814928379604147e-43j),400.46036036036037
(8.929205941030605e-43+2.888813512057237e-43j),401.46126126126126
(8.947111773304945e-43+2.8405417433522367e-43j),402.4621621621622
(8.92449447706349e-43+2.8159780429292047e-43j),403.4630630630631
(8.932096536488915e-43+2.78113254515706e-43j),404.463963963964
(8.933853158018193e-43+2.751963445741292e-43j),405.46486486486486
(8.922622272757431e-43+2.726389759722627e-43j),406.4657657657658
(8.9422820677278e-43+2.671003057143506e-43j),407.4666666666667
(8.922600554876354e-43+2.703212739554046e-43j),408.4675675675676
(8.924636497380158e-43+2.6338042060500683e-43j),409.4684684684685
(8.929592925463558e-43+2.594276317841005e-43j),410.46936936936936
(8.925366532107594e-43+2.561967392598503e-43j),411.4702702702703
(8.943845372284335e-43+2.556256920810762e-43j),412.4711711711712
(8.92368623087254e-43+2.5046070370019113e-43j),413.4720720720721
(8.939250383944466e-43+2.4812368676969306e-43j),414.47297297297297
(8.926785071141053e-43+2.441404000945463e-43j),415.4738738738739
(8.95888463832434e-43+2.4568282550896396e-43j),416.4747747747748
(8.931210335994824e-43+2.388095780217082e-43j),417.4756756756757
(8.944625155687928e-43+2.3549851943981178e-43j),418.4765765765766
(8.928268520274727e-43+2.3297084735267066e-43j),419.4774774774775
(8.914106953573858e-43+2.2979614573979523e-43j),420.4783783783784
(8.927153830710727e-43+2.2605005809799995e-43j),421.4792792792793
(8.931196107786805e-43+2.2365011678836986e-43j),422.4801801801802
(8.926326946669661e-43+2.2041599599363724e-43j),423.4810810810811
(8.923252507968133e-43+2.1192391203300572e-43j),424.481981981982
(8.918202307834809e-43+2.1445806261429526e-43j),425.4828828828829
(8.947857335866521e-43+2.0926764891253367e-43j),426.4837837837838
(8.923254640850518e-43+2.087923287113294e-43j),427.4846846846847
(8.929343782495417e-43+2.0388610310819427e-43j),428.4855855855856
(8.921912491776555e-43+2.0356877891650423e-43j),429.4864864864865
(8.929643758615365e-43+2.015397963497916e-43j),430.4873873873874
(8.929431013895117e-43+1.9800111721907253e-43j),431.4882882882883
(8.931387650326498e-43+1.881505161319352e-43j),432.48918918918923
(8.932806388674949e-43+1.9017222536991812e-43j),433.4900900900901
(8.949962197310489e-43+1.885877052211088e-43j),434.490990990991
(8.92811593724817e-43+1.8620604503874716e-43j),435.4918918918919
(8.920202487929527e-43+1.856932254957057e-43j),436.4927927927928
(8.938046694400334e-43+1.7916556499311441e-43j),437.49369369369373
(8.931992053099614e-43+1.7804497178058546e-43j),438.4945945945946
(8.927441157546455e-43+1.7288244017043099e-43j),439.4954954954955
(8.948276083464171e-43+1.746644468460091e-43j),440.4963963963964
(8.931990695196953e-43+1.6770100024380157e-43j),441.49729729729734
(8.914823823237864e-43+1.636355933003858e-43j),442.4981981981982
(8.926239927322603e-43+1.6371197103343463e-43j),443.4990990990991
(8.958214356705828e-43+1.556047987897612e-43j),444.5
(8.936092831975886e-43+1.5638772746994013e-43j),445.50090090090094
(8.912972728357007e-43+1.5333869791326333e-43j),446.50180180180183
(8.929598792997204e-43+1.499618263868705e-43j),447.5027027027027
(8.95909141982383e-43+1.5179371993086747e-43j),448.5036036036036
(8.932802244719194e-43+1.434422229834018e-43j),449.5045045045045
(8.923690623045264e-43+1.4141582641485388e-43j),450.50540540540544
(8.918013013597475e-43+1.4065502664307028e-43j),451.5063063063063
(8.928393628338696e-43+1.3800490833210148e-43j),452.5072072072072
(8.931246407281415e-43+1.32241217831376e-43j),453.5081081081081
(8.929992294331744e-43+1.3090423646412186e-43j),454.50900900900905
(8.927589932085739e-43+1.2741814049146927e-43j),455.50990990990994
(8.972373065419082e-43+1.2048933769571893e-43j),456.5108108108108
(8.929369843106738e-43+1.2287066042415051e-43j),457.5117117117117
(8.915920272743959e-43+1.17703333995949e-43j),458.51261261261266
(8.91746376384093e-43+1.167070504763302e-43j),459.51351351351354
(8.932473400724979e-43+1.1138055024862745e-43j),460.51441441441443
(8.929812714996703e-43+1.1063832461161975e-43j),461.5153153153153
(8.951723070799663e-43+1.0672891962731292e-43j),462.5162162162162
(8.932391982982346e-43+1.0424861576790219e-43j),463.51711711711715
(8.960362778223396e-43+9.818293719776682e-44j),464.51801801801804
(8.929123061948482e-43+9.864915053786041e-44j),465.5189189189189
(8.913727366229681e-43+9.580879215721608e-44j),466.5198198198198
(8.936666902172222e-43+9.325648535649132e-44j),467.52072072072076
(8.910663805803928e-43+9.188299217636445e-44j),468.52162162162165
(8.927606969827078e-43+8.734824629179263e-44j),469.52252252252254
(8.938923576624735e-43+8.505483874750092e-44j),470.5234234234234
(8.92152816418504e-43+8.129875265971056e-44j),471.52432432432437
(8.950531854096346e-43+7.890327761991042e-44j),472.52522522522526
(8.925407177146568e-43+7.550044316437122e-44j),473.52612612612614
(8.924586829404755e-43+7.517964797235627e-44j),474.52702702702703
(8.93504800985774e-43+7.103271304256206e-44j),475.5279279279279
(8.947520710754602e-43+6.596631221271377e-44j),476.52882882882886
(8.920562976284605e-43+6.466210569468447e-44j),477.52972972972975
(8.95747940714964e-43+6.152852177284331e-44j),478.53063063063064
(8.92084881398169e-43+5.920736470661573e-44j),479.5315315315315
(8.835122745672165e-43+6.13189814056045e-44j),480.5324324324325
(8.932898493224971e-43+5.309446066749433e-44j),481.53333333333336
(8.939074104169723e-43+4.976442737350791e-44j),482.53423423423425
(8.921586020857157e-43+4.793062733345877e-44j),483.53513513513514
(8.913690471418617e-43+4.755491181069545e-44j),484.5360360360361
(8.933036071912391e-43+4.242690282092584e-44j),485.53693693693697
(8.925223080929473e-43+4.1041825585881616e-44j),486.53783783783786
(8.932934624954935e-43+3.6865898641267647e-44j),487.53873873873874
(8.942012335107278e-43+3.359377234332736e-44j),488.53963963963963
(8.93196133894793e-43+3.1158719691665964e-44j),489.5405405405406
(8.944550664508667e-43+2.8045701693285054e-44j),490.54144144144146
(8.946735007755687e-43+2.4794446948442027e-44j),491.54234234234235
(8.933166702564576e-43+2.1859139068723515e-44j),492.54324324324324
(8.939410689029642e-43+1.8936252297591393e-44j),493.5441441441442
(8.917887766100148e-43+1.5593355553438276e-44j),494.5450450450451
(8.928999988767782e-43+1.471804629389496e-44j),495.54594594594596
(8.896846945226927e-43+9.252367742076987e-45j),496.54684684684685
(8.92864136579937e-43+7.91396009176845e-45j),497.5477477477478
(8.923982695765737e-43+5.4164887945046144e-45j),498.5486486486487
(8.926838261357437e-43+2.874320098653865e-45j),499.54954954954957
(8.918087634717425e-43+4.8939783509988935e-58j),500.55045045045046
(8.926838261357444e-43-2.874320098653049e-45j),501.55135135135134
(8.923982695765728e-43-5.4164887945036356e-45j),502.5522522522523
(8.928641365799399e-43-7.913960091764371e-45j),503.5531531531532
(8.896846945226923e-43-9.252367742076334e-45j),504.55405405405406
(8.928999988767765e-43-1.471804629389635e-44j),505.55495495495495
(8.917887766100121e-43-1.5593355553441375e-44j),506.5558558558559
(8.93941068902963e-43-1.8936252297589598e-44j),507.5567567567568
(8.933166702564572e-43-2.1859139068723107e-44j),508.55765765765767
(8.946735007755707e-43-2.479444694844407e-44j),509.55855855855856
(8.944550664508665e-43-2.8045701693283585e-44j),510.5594594594595
(8.931961338947901e-43-3.1158719691665964e-44j),511.5603603603604
(8.942012335107267e-43-3.3593772343326787e-44j),512.5612612612613
(8.932934624954932e-43-3.686589864126536e-44j),513.5621621621622
(8.925223080929479e-43-4.1041825585883737e-44j),514.563063063063
(8.933036071912388e-43-4.2426902820924616e-44j),515.5639639639639
(8.913690471418628e-43-4.755491181069285e-44j),516.5648648648648
(8.921586020857144e-43-4.793062733345861e-44j),517.5657657657658
(8.93907410416972e-43-4.976442737350628e-44j),518.5666666666667
(8.93289849322498e-43-5.309446066749302e-44j),519.5675675675676
(8.835122745672163e-43-6.131898140560434e-44j),520.5684684684685
(8.920848813981744e-43-5.920736470662437e-44j),521.5693693693694
(8.957479407149594e-43-6.152852177283817e-44j),522.5702702702703
(8.920562976284636e-43-6.46621056946901e-44j),523.5711711711712
(8.947520710754607e-43-6.596631221271875e-44j),524.572072072072
(8.935048009857737e-43-7.103271304256418e-44j),525.5729729729729
(8.924586829404748e-43-7.517964797235619e-44j),526.5738738738739
(8.925407177146517e-43-7.550044316437457e-44j),527.5747747747748
(8.950531854096357e-43-7.890327761991124e-44j),528.5756756756757
(8.921528164185084e-43-8.129875265970909e-44j),529.5765765765766
(8.938923576624722e-43-8.505483874749896e-44j),530.5774774774775
(8.927606969827093e-43-8.734824629179011e-44j),531.5783783783784
(8.910663805803944e-43-9.188299217636453e-44j),532.5792792792793
(8.93666690217219e-43-9.32564853564936e-44j),533.5801801801802
(8.913727366229657e-43-9.580879215721795e-44j),534.5810810810812
(8.929123061948447e-43-9.864915053786188e-44j),535.581981981982
(8.960362778223398e-43-9.818293719776706e-44j),536.5828828828829
(8.932391982982314e-43-1.0424861576790105e-43j),537.5837837837838
(8.951723070799661e-43-1.0672891962731316e-43j),538.5846846846847
(8.929812714996727e-43-1.1063832461161714e-43j),539.5855855855856
(8.932473400724976e-43-1.113805502486281e-43j),540.5864864864865
(8.917463763840918e-43-1.1670705047633054e-43j),541.5873873873874
(8.915920272743971e-43-1.177033339959478e-43j),542.5882882882883
(8.929369843106746e-43-1.2287066042415199e-43j),543.5891891891893
(8.972373065419064e-43-1.2048933769571893e-43j),544.5900900900901
(8.92758993208574e-43-1.2741814049147432e-43j),545.590990990991
(8.929992294331746e-43-1.3090423646412194e-43j),546.5918918918919
(8.931246407281425e-43-1.3224121783137827e-43j),547.5927927927928
(8.928393628338705e-43-1.380049083321022e-43j),548.5936936936937
(8.918013013597454e-43-1.406550266430707e-43j),549.5945945945946
(8.923690623045288e-43-1.414158264148533e-43j),550.5954954954955
(8.932802244719202e-43-1.4344222298340333e-43j),551.5963963963964
(8.959091419823829e-43-1.5179371993086642e-43j),552.5972972972974
(8.929598792997209e-43-1.4996182638686993e-43j),553.5981981981982
(8.912972728356996e-43-1.533386979132639e-43j),554.5990990990991
(8.9360928319759e-43-1.5638772746994053e-43j),555.6
(8.958214356705814e-43-1.5560479878976322e-43j),556.6009009009009
(8.926239927322625e-43-1.6371197103343178e-43j),557.6018018018018
(8.914823823237907e-43-1.6363559330038328e-43j),558.6027027027027
(8.93199069519698e-43-1.6770100024379358e-43j),559.6036036036036
(8.948276083464173e-43-1.746644468460091e-43j),560.6045045045046
(8.927441157546504e-43-1.7288244017042948e-43j),561.6054054054055
(8.93199205309965e-43-1.780449717805881e-43j),562.6063063063064
(8.938046694400342e-43-1.7916556499311398e-43j),563.6072072072072
(8.920202487929519e-43-1.8569322549570753e-43j),564.6081081081081
(8.928115937248159e-43-1.86206045038743e-43j),565.609009009009
(8.9499621973105e-43-1.885877052211072e-43j),566.6099099099099
(8.93280638867498e-43-1.901722253699154e-43j),567.6108108108108
(8.931387650326485e-43-1.8815051613193574e-43j),568.6117117117117
(8.929431013895086e-43-1.9800111721907153e-43j),569.6126126126127
(8.929643758615354e-43-2.0153979634978983e-43j),570.6135135135136
(8.921912491776533e-43-2.0356877891650343e-43j),571.6144144144145
(8.929343782495406e-43-2.038861031081939e-43j),572.6153153153153
(8.923254640850504e-43-2.0879232871132748e-43j),573.6162162162162
(8.947857335866505e-43-2.092676489125355e-43j),574.6171171171171
(8.918202307834767e-43-2.1445806261429913e-43j),575.618018018018
(8.923252507968135e-43-2.1192391203300564e-43j),576.6189189189189
(8.926326946669678e-43-2.204159959936337e-43j),577.6198198198198
(8.931196107786803e-43-2.2365011678837097e-43j),578.6207207207208
(8.927153830710732e-43-2.2605005809800174e-43j),579.6216216216217
(8.914106953573843e-43-2.2979614573979583e-43j),580.6225225225226
(8.928268520274762e-43-2.3297084735266843e-43j),581.6234234234234
(8.944625155687948e-43-2.3549851943981186e-43j),582.6243243243243
(8.931210335994821e-43-2.3880957802170597e-43j),583.6252252252252
(8.958884638324351e-43-2.4568282550896428e-43j),584.6261261261261
(8.926785071141074e-43-2.4414040009454843e-43j),585.627027027027
(8.939250383944461e-43-2.4812368676969262e-43j),586.627927927928
(8.923686230872535e-43-2.5046070370019077e-43j),587.6288288288289
(8.943845372284354e-43-2.5562569208107943e-43j),588.6297297297298
(8.925366532107586e-43-2.561967392598471e-43j),589.6306306306307
(8.929592925463557e-43-2.5942763178409543e-43j),590.6315315315316
(8.924636497380117e-43-2.6338042060500145e-43j),591.6324324324324
(8.922600554876362e-43-2.7032127395540662e-43j),592.6333333333333
(8.942282067727797e-43-2.6710030571434867e-43j),593.6342342342342
(8.922622272757402e-43-2.7263897597226087e-43j),594.6351351351351
(8.933853158018192e-43-2.7519634457413663e-43j),595.6360360360361
(8.932096536488896e-43-2.7811325451570504e-43j),596.636936936937
(8.924494477063512e-43-2.8159780429292187e-43j),597.6378378378379
(8.947111773305021e-43-2.8405417433522363e-43j),598.6387387387388
(8.92920594103081e-43-2.888813512057261e-43j),599.6396396396397
(8.839166505206654e-43-2.7814928379604147e-43j),600.6405405405405
(8.916313603678755e-43-2.92424491703375e-43j),601.6414414414414
(8.933999055525205e-43-2.9842743786815267e-43j),602.6423423423423
(8.924547817870664e-43-2.993790720859761e-43j),603.6432432432432
(8.931493607872018e-43-3.0220537683387395e-43j),604.6441441441442
(8.927713927000086e-43-3.0601053448659206e-43j),605.6450450450451
(8.914511986353089e-43-3.084335818335508e-43j),606.645945945946
(8.946932566015649e-43-3.1231301956979893e-43j),607.6468468468469
(8.944560795132491e-43-3.131548729513422e-43j),608.6477477477478
(8.938708742678958e-43-3.1914961955625604e-43j),609.6486486486486
(8.925445188112241e-43-3.211944982437985e-43j),610.6495495495495
(8.924492032163474e-43-3.2587477420949495e-43j),611.6504504504504
(8.918910599601144e-43-3.311637205629095e-43j),612.6513513513514
(8.928667767379792e-43-3.3221502781560017e-43j),613.6522522522523
(8.931877913992851e-43-3.3532339358268496e-43j),614.6531531531532
(8.92838374108001e-43-3.3789834014812068e-43j),615.6540540540541
(8.947239374377584e-43-3.367429262134796e-43j),616.654954954955
(8.917308446597757e-43-3.4396462224502085e-43j),617.6558558558559
(8.929928442211998e-43-3.4814715962645453e-43j),618.6567567567567
(8.939351934676186e-43-3.5209916046377903e-43j),619.6576576576576
(8.90710289052633e-43-3.5407144590448897e-43j),620.6585585585585
(8.929304334420694e-43-3.582604006936505e-43j),621.6594594594595
(8.90623412056602e-43-3.60613587594829e-43j),622.6603603603604
(8.923700563923587e-43-3.637749616086759e-43j),623.6612612612613
(8.962389819036056e-43-3.625610411592438e-43j),624.6621621621622
(8.935374634864293e-43-3.692165054005877e-43j),625.6630630630631
(8.9496051886942e-43-3.7200257157706275e-43j),626.663963963964
(8.925262385577532e-43-3.774279997966357e-43j),627.6648648648649
(8.912713694546726e-43-3.789054401297083e-43j),628.6657657657657
(8.918032373423845e-43-3.844753987733568e-43j),629.6666666666666
(8.926199107255107e-43-3.875035534928434e-43j),630.6675675675676
(8.92956088522265e-43-3.906916109162558e-43j),631.6684684684685
(8.916835733998015e-43-3.933831930767185e-43j),632.6693693693694
(8.935040846154489e-43-3.9883168815550485e-43j),633.6702702702703
(8.925385954095749e-43-4.016563977320807e-43j),634.6711711711712
(8.913740770831738e-43-4.040273504340369e-43j),635.6720720720721
(8.961699368871506e-43-4.082744373155929e-43j),636.672972972973
(8.933969808717089e-43-4.105976073742203e-43j),637.6738738738738
(8.947030250189903e-43-4.15410531774003e-43j),638.6747747747748
(8.922657941246491e-43-4.170075687766694e-43j),639.6756756756757
(8.920868900656876e-43-4.219923815229302e-43j),640.6765765765766
(8.924316457006924e-43-4.249656305230257e-43j),641.6774774774775
(8.932303464465409e-43-4.2878521804637654e-43j),642.6783783783784
(8.924401159832936e-43-4.320675419909491e-43j),643.6792792792793
(8.90972307491449e-43-4.357038120552865e-43j),644.6801801801802
(8.935098574017926e-43-4.374758492746528e-43j),645.6810810810811
(8.924512065683551e-43-4.418919583182923e-43j),646.681981981982
(8.92535802780222e-43-4.454846069084599e-43j),647.682882882883
(8.915310140984706e-43-4.5426619844143525e-43j),648.6837837837838
(8.913897337798043e-43-4.522518397737924e-43j),649.6846846846847
(8.910946431766679e-43-4.5553978600629555e-43j),650.6855855855856
(8.932274946570442e-43-4.606493962990123e-43j),651.6864864864865
(8.888469677226361e-43-4.616397282504878e-43j),652.6873873873874
(8.928410768139707e-43-4.660345354331203e-43j),653.6882882882883
(8.949184635051291e-43-4.703910748959059e-43j),654.6891891891892
(8.929106778022019e-43-4.7346036703858265e-43j),655.69009009009
(8.90275381002091e-43-4.794777968187119e-43j),656.690990990991
(8.921766795552031e-43-4.8091262521304e-43j),657.6918918918919
(8.920275712470268e-43-4.847480777448524e-43j),658.6927927927928
(8.935104456105617e-43-4.87852956637505e-43j),659.6936936936937
(8.895575998891298e-43-4.927865930668844e-43j),660.6945945945946
(8.91412528635365e-43-4.967979383501011e-43j),661.6954954954955
(8.924052748970909e-43-4.992068364920891e-43j),662.6963963963964
(8.921986530589643e-43-5.028717271474336e-43j),663.6972972972973
(8.938039545382525e-43-5.0488075233836565e-43j),664.6981981981983
(8.930341632826414e-43-5.091938337771405e-43j),665.6990990990992
(8.913569411763374e-43-5.120799378345133e-43j),666.7
(8.918898293215132e-43-5.176816884178307e-43j),667.7009009009009
(8.943919867898633e-43-5.242914957132173e-43j),668.7018018018018
(8.933037602825777e-43-5.249813381549578e-43j),669.7027027027027
(8.91411772638895e-43-5.303387516890696e-43j),670.7036036036036
(8.928084390440252e-43-5.321102660221045e-43j),671.7045045045045
(8.915240060641094e-43-5.3888581556067025e-43j),672.7054054054054
(8.918916100237537e-43-5.40697766415424e-43j),673.7063063063064
(8.927313853969961e-43-5.457361445577671e-43j),674.7072072072073
(8.938189556429075e-43-5.476943375459401e-43j),675.7081081081081
(8.939652163398486e-43-5.542575067871705e-43j),676.709009009009
(8.917364295120601e-43-5.558093230678222e-43j),677.7099099099099
(8.93112146637286e-43-5.597831586843053e-43j),678.7108108108108
(8.922900804422063e-43-5.645785518471688e-43j),679.7117117117117
(8.894388465334478e-43-5.659752051811202e-43j),680.7126126126126
(8.926456313217506e-43-5.723672465754445e-43j),681.7135135135135
(8.943050720484372e-43-5.7475127225836985e-43j),682.7144144144145
(8.921923643612082e-43-5.7919821253343565e-43j),683.7153153153154
(8.932210219699505e-43-5.8132226797721136e-43j),684.7162162162163
(8.908302163287902e-43-5.8787644490028605e-43j),685.7171171171171
(8.939281448310804e-43-5.919005613676548e-43j),686.718018018018
(8.91055586271179e-43-5.967975755938791e-43j),687.7189189189189
(8.963274724657846e-43-6.057325590971132e-43j),688.7198198198198
(8.930269115728604e-43-6.048796624351208e-43j),689.7207207207207
(8.92817843081988e-43-6.081018646077576e-43j),690.7216216216217
(8.921708330582991e-43-6.129536162833081e-43j),691.7225225225226
(8.898822284859851e-43-6.121300385081612e-43j),692.7234234234235
(8.910136966774078e-43-6.2067982108532825e-43j),693.7243243243244
(8.924978291129145e-43-6.249455891288177e-43j),694.7252252252252
(8.920348711412098e-43-6.293151612374021e-43j),695.7261261261261
(8.94773828753972e-43-6.302560476402931e-43j),696.727027027027
(8.916834359833388e-43-6.373796001023051e-43j),697.7279279279279
(8.91571279080635e-43-6.4317194292232716e-43j),698.7288288288288
(8.919758186031065e-43-6.445241646932224e-43j),699.7297297297298
(8.947556718976697e-43-6.5028270265795894e-43j),700.7306306306307
(8.919087514539842e-43-6.5400186899471426e-43j),701.7315315315316
(8.933340305277507e-43-6.592680650475081e-43j),702.7324324324325
(8.920173005582225e-43-6.640846904940198e-43j),703.7333333333333
(8.909775039013595e-43-6.720735074059499e-43j),704.7342342342342
(8.919135204010043e-43-6.7039628423404335e-43j),705.7351351351351
(8.911884428446751e-43-6.755807901279973e-43j),706.736036036036
(8.921426644897212e-43-6.8137681260653794e-43j),707.7369369369369
(8.899474972992043e-43-6.833912280516956e-43j),708.7378378378379
(8.922228779045201e-43-6.89617770054043e-43j),709.7387387387388
(8.92701778846013e-43-6.9214992124922816e-43j),710.7396396396397
(8.910989297032571e-43-6.9921926759367815e-43j),711.7405405405406
(8.948342434074849e-43-6.997308912192961e-43j),712.7414414414415
(8.918841044027708e-43-7.078129363858173e-43j),713.7423423423423
(8.935072335969858e-43-7.1316953333719285e-43j),714.7432432432432
(8.926076361891647e-43-7.160693365914934e-43j),715.7441441441441
(8.959400131076503e-43-7.211978962947966e-43j),716.7450450450451
(8.918059077285997e-43-7.263634362355192e-43j),717.745945945946
(8.937194860693998e-43-7.298368524661162e-43j),718.7468468468469
(8.923058869131132e-43-7.358871617441908e-43j),719.7477477477478
(8.911536573315207e-43-7.409268622058057e-43j),720.7486486486487
(8.920850369797083e-43-7.45804899859059e-43j),721.7495495495496
(8.925803574577772e-43-7.486589660691966e-43j),722.7504504504504
(8.93203167176325e-43-7.551765936389864e-43j),723.7513513513513
(8.932930877537166e-43-7.57437476895105e-43j),724.7522522522522
(8.919046113303844e-43-7.64612361177833e-43j),725.7531531531532
(8.927507700318269e-43-7.703738143893077e-43j),726.7540540540541
(8.911183824210969e-43-7.741478418296636e-43j),727.754954954955
(8.927163450058065e-43-7.72864717564819e-43j),728.7558558558559
(8.915204743336426e-43-7.84264019216668e-43j),729.7567567567568
(8.903736750837072e-43-7.89204717778977e-43j),730.7576576576577
(8.912565365134106e-43-7.941341815561756e-43j),731.7585585585585
(8.929329341490891e-43-7.992663196502577e-43j),732.7594594594594
(8.918282314532532e-43-8.040020607913897e-43j),733.7603603603603
(8.939414271631067e-43-8.092801766101764e-43j),734.7612612612613
(8.91167351839712e-43-8.14424755769879e-43j),735.7621621621622
(8.91024828253666e-43-8.214349998876591e-43j),736.7630630630631
(8.917957254527661e-43-8.246017711232092e-43j),737.763963963964
(8.910650875117048e-43-8.287411078384072e-43j),738.7648648648649
(8.920886881915392e-43-8.34563701977953e-43j),739.7657657657658
(8.896736896708719e-43-8.408351056258545e-43j),740.7666666666667
(8.92403326266331e-43-8.444944521058583e-43j),741.7675675675675
(8.925277466977262e-43-8.506473628920466e-43j),742.7684684684685
(8.91683382111198e-43-8.555379169620363e-43j),743.7693693693694
(8.899028908718287e-43-8.671164558941637e-43j),744.7702702702703
(8.926554616625218e-43-8.669643034063917e-43j),745.7711711711712
(8.910227420161941e-43-8.731981692626145e-43j),746.7720720720721
(8.913204617050108e-43-8.789429793524939e-43j),747.772972972973
(8.94655309949811e-43-8.851748256787197e-43j),748.7738738738739
(8.919033162934654e-43-8.89026454991407e-43j),749.7747747747748
(8.921674958786103e-43-8.964722847610172e-43j),750.7756756756756
(8.914764729600796e-43-8.998839800608226e-43j),751.7765765765766
(8.884597225222734e-43-9.074849490535089e-43j),752.7774774774775
(8.907172538927735e-43-9.13373717168111e-43j),753.7783783783784
(8.903730036677763e-43-9.182587000827827e-43j),754.7792792792793
(8.913479674249197e-43-9.250474150120379e-43j),755.7801801801802
(8.933033878868066e-43-9.283161135717973e-43j),756.7810810810811
(8.902970456846451e-43-9.356308666397411e-43j),757.781981981982
(8.91803345498807e-43-9.440890951462145e-43j),758.7828828828829
(8.901210530164446e-43-9.449764565634171e-43j),759.7837837837837
(8.947818197246596e-43-9.506502914655188e-43j),760.7846846846847
(8.910571493444199e-43-9.597038973492916e-43j),761.7855855855856
(8.910470212361626e-43-9.647263879470609e-43j),762.7864864864865
(8.906194733790649e-43-9.71456214761475e-43j),763.7873873873874
(8.918669804697172e-43-9.770101168310217e-43j),764.7882882882883
(8.899878398425103e-43-9.839141604205381e-43j),765.7891891891892
(8.916070641910126e-43-9.87860569628942e-43j),766.7900900900901
(8.91238245864634e-43-9.957679358583849e-43j),767.790990990991
(8.91032936032427e-43-1.0000156413776028e-42j),768.7918918918919
(8.908096047941254e-43-1.0089747132313293e-42j),769.7927927927929
(8.904287773745071e-43-1.0157826492613078e-42j),770.7936936936937
(8.894015464832178e-43-1.021114748709033e-42j),771.7945945945946
(8.930427711483082e-43-1.028735413333694e-42j),772.7954954954955
(8.911097010877301e-43-1.0334421945507262e-42j),773.7963963963964
(8.887607180644451e-43-1.0415335131304792e-42j),774.7972972972973
(8.92343957136898e-43-1.0491837755417158e-42j),775.7981981981982
(8.957898410932867e-43-1.058851528985505e-42j),776.7990990990991
(8.897485997380808e-43-1.0615022119958002e-42j),777.8000000000001
(8.897247327021523e-43-1.066739587840769e-42j),778.800900900901
(8.904905604228748e-43-1.0732652792280984e-42j),779.8018018018018
(8.874331321864744e-43-1.0792052416965594e-42j),780.8027027027027
(8.915937953044114e-43-1.0893023986696452e-42j),781.8036036036036
(8.909619363534166e-43-1.095580238596766e-42j),782.8045045045045
(8.909490203025754e-43-1.1031914625715973e-42j),783.8054054054054
(8.964842369751851e-43-1.1089707818334288e-42j),784.8063063063063
(8.896314518266492e-43-1.1157251237019088e-42j),785.8072072072072
(8.902151851464532e-43-1.1250577747543876e-42j),786.8081081081082
(8.902044919798758e-43-1.1308066473366782e-42j),787.8090090090091
(8.893112702546303e-43-1.138543841801204e-42j),788.80990990991
(8.89698957973104e-43-1.1459174802631238e-42j),789.8108108108108
(8.919175330193691e-43-1.1520456196502892e-42j),790.8117117117117
(8.897141371434175e-43-1.1611411883520965e-42j),791.8126126126126
(8.90236491895941e-43-1.1690614466895569e-42j),792.8135135135135
(8.906905131051543e-43-1.1754485378728418e-42j),793.8144144144144
(8.915094137607893e-43-1.1847504994094676e-42j),794.8153153153153
(8.898550466891703e-43-1.1911649326809425e-42j),795.8162162162163
(8.918404343146053e-43-1.1998664501045419e-42j),796.8171171171172
(8.897130070777864e-43-1.2072377054633922e-42j),797.818018018018
(8.899088130470943e-43-1.2165270471509332e-42j),798.8189189189189
(8.90096221347181e-43-1.2231838633023172e-42j),799.8198198198198
(8.724372135009165e-43-1.2312543855504941e-42j),800.8207207207207
(8.894262694801675e-43-1.2405668881434444e-42j),801.8216216216216
(8.894487548644921e-43-1.2478082243583383e-42j),802.8225225225225
(8.885580287224627e-43-1.2558977699900837e-42j),803.8234234234235
(8.902144473376362e-43-1.2612517467386471e-42j),804.8243243243244
(8.895926411833269e-43-1.2750839473269752e-42j),805.8252252252253
(8.917030696898156e-43-1.2825258315781243e-42j),806.8261261261262
(8.887069872187448e-43-1.2909555967743684e-42j),807.827027027027
(8.921786335688328e-43-1.2996355136400126e-42j),808.8279279279279
(8.887333523828654e-43-1.3076304085869165e-42j),809.8288288288288
(8.899960692213168e-43-1.3176963192746927e-42j),810.8297297297297
(8.894188161068173e-43-1.3257570462218776e-42j),811.8306306306306
(8.876831941940853e-43-1.3350432501262837e-42j),812.8315315315316
(8.877723887403358e-43-1.3447519478797484e-42j),813.8324324324325
(8.893843901232141e-43-1.353758399372667e-42j),814.8333333333334
(8.882088950074211e-43-1.3622277170521497e-42j),815.8342342342343
(8.879715683580995e-43-1.3708946847425358e-42j),816.8351351351351
(8.88137580880298e-43-1.3806006415668017e-42j),817.836036036036
(8.874228830219172e-43-1.386368306085735e-42j),818.8369369369369
(8.885429192514414e-43-1.4009526339657088e-42j),819.8378378378378
(8.878035693114384e-43-1.4117537738865975e-42j),820.8387387387387
(8.887350722484012e-43-1.4191447456991156e-42j),821.8396396396397
(8.882245046247277e-43-1.4293991172752617e-42j),822.8405405405406
(8.889207977956187e-43-1.4397063475066627e-42j),823.8414414414415
(8.885472495730579e-43-1.4469387942532508e-42j),824.8423423423424
(8.874939368282527e-43-1.4601196719067597e-42j),825.8432432432433
(8.89517911645417e-43-1.468314156201214e-42j),826.8441441441441
(8.884537656016716e-43-1.4810254080375443e-42j),827.845045045045
(8.872373396637487e-43-1.493995868134899e-42j),828.8459459459459
(8.883335002040069e-43-1.503432403629335e-42j),829.8468468468469
(8.886403820340751e-43-1.5111602455044497e-42j),830.8477477477478
(8.880179757562171e-43-1.523678254297088e-42j),831.8486486486487
(8.881329612505074e-43-1.5271500785153112e-42j),832.8495495495496
(8.879963182203957e-43-1.546888000055756e-42j),833.8504504504505
(8.886355524521077e-43-1.5607969157906318e-42j),834.8513513513514
(8.87864232342473e-43-1.56955412248857e-42j),835.8522522522522
(8.875782776855503e-43-1.5775539461157477e-42j),836.8531531531531
(8.871977785049225e-43-1.592755189794662e-42j),837.854054054054
(8.880803067160611e-43-1.6065299034644583e-42j),838.854954954955
(8.87829496880237e-43-1.6154431513015312e-42j),839.8558558558559
(8.720484069774656e-43-1.6389508467284243e-42j),840.8567567567568
(8.874295762986453e-43-1.639924547397084e-42j),841.8576576576577
(8.861283566782262e-43-1.6521368193530138e-42j),842.8585585585586
(8.863583572022338e-43-1.663656955352283e-42j),843.8594594594595
(8.85896102352865e-43-1.676343819857354e-42j),844.8603603603603
(8.8594319230474e-43-1.689644401708781e-42j),845.8612612612612
(8.884377300112911e-43-1.7020960205805854e-42j),846.8621621621621
(8.851250401102582e-43-1.7167299929024476e-42j),847.8630630630631
(8.894834974193731e-43-1.727810118851192e-42j),848.863963963964
(8.883345150489e-43-1.7421732791771633e-42j),849.8648648648649
(8.874115697622706e-43-1.7582327805245535e-42j),850.8657657657658
(8.850601532943181e-43-1.7709604185140312e-42j),851.8666666666667
(8.866223843942405e-43-1.78643991333271e-42j),852.8675675675676
(8.856323402973873e-43-1.798532337545984e-42j),853.8684684684684
(8.863117081281367e-43-1.8117195946228297e-42j),854.8693693693693
(8.86199801058614e-43-1.826333093235945e-42j),855.8702702702703
(8.820454258900118e-43-1.83817100494065e-42j),856.8711711711712
(8.863948676462275e-43-1.856399899281403e-42j),857.8720720720721
(8.872501177467213e-43-1.8713241387347505e-42j),858.872972972973
(8.846691528621931e-43-1.8861226222404806e-42j),859.8738738738739
(8.839731643419695e-43-1.9027023338365163e-42j),860.8747747747748
(8.848579916293722e-43-1.9181415816667148e-42j),861.8756756756757
(8.846072125768775e-43-1.934550621378686e-42j),862.8765765765766
(8.847391611472422e-43-1.9497385234572955e-42j),863.8774774774774
(8.869577102275363e-43-1.9653895023224708e-42j),864.8783783783784
(8.845087929754008e-43-1.982827859012572e-42j),865.8792792792793
(8.85241813720706e-43-1.9963632938808125e-42j),866.8801801801802
(8.841508976596005e-43-2.015703667147024e-42j),867.8810810810811
(8.840701387715901e-43-2.0319066699137265e-42j),868.881981981982
(8.840681060637504e-43-2.050735642836366e-42j),869.8828828828829
(8.82789546529958e-43-2.0688773063494716e-42j),870.8837837837838
(8.825477787707589e-43-2.0861057822244777e-42j),871.8846846846847
(8.868138844486625e-43-2.1063108155968936e-42j),872.8855855855855
(8.83804906900757e-43-2.1220006708404287e-42j),873.8864864864865
(8.823367843323676e-43-2.14092623757854e-42j),874.8873873873874
(8.83264147726577e-43-2.161443610108883e-42j),875.8882882882883
(8.802399423998888e-43-2.1810694740672965e-42j),876.8891891891892
(8.82134887622679e-43-2.2007462513978566e-42j),877.8900900900901
(8.802674667429851e-43-2.2202338120058786e-42j),878.890990990991
(8.818585533639977e-43-2.240173685794701e-42j),879.8918918918919
(8.803171374344791e-43-2.2618849077264192e-42j),880.8927927927928
(8.807264663073301e-43-2.2814857751743135e-42j),881.8936936936938
(8.81413623334845e-43-2.3014706064323253e-42j),882.8945945945947
(8.816024640960976e-43-2.3238103569819668e-42j),883.8954954954955
(8.811786578752675e-43-2.3482872672003976e-42j),884.8963963963964
(8.809046246435973e-43-2.3678888664449876e-42j),885.8972972972973
(8.787406562298696e-43-2.390581577573556e-42j),886.8981981981982
(8.793966103404584e-43-2.4148186070969172e-42j),887.8990990990991
(8.858425473354102e-43-2.4380369291660263e-42j),888.9
(8.78783901663613e-43-2.461974464951394e-42j),889.9009009009009
(8.81131218409822e-43-2.4852915669130473e-42j),890.9018018018019
(8.776423175034613e-43-2.50940080234532e-42j),891.9027027027028
(8.777384361783444e-43-2.535709823703147e-42j),892.9036036036036
(8.781120166510862e-43-2.5595599992155793e-42j),893.9045045045045
(8.793481531942332e-43-2.5864185687643802e-42j),894.9054054054054
(8.765713596215888e-43-2.6129553036819666e-42j),895.9063063063063
(8.773400719189544e-43-2.6386417359538003e-42j),896.9072072072072
(8.765742116382351e-43-2.668797506879159e-42j),897.9081081081081
(8.76326225937195e-43-2.6942321241979826e-42j),898.909009009009
(8.76495489224762e-43-2.7245760529671742e-42j),899.90990990991
(8.763062208054672e-43-2.7546417330513976e-42j),900.9108108108109
(8.77530440190456e-43-2.7837057661227182e-42j),901.9117117117117
(8.742088484116411e-43-2.8139805958181657e-42j),902.9126126126126
(8.747558376541974e-43-2.8441917251445694e-42j),903.9135135135135
(8.752972653487674e-43-2.87861193409598e-42j),904.9144144144144
(8.737299079009533e-43-2.906745050068971e-42j),905.9153153153153
(8.74252502100402e-43-2.941090108566994e-42j),906.9162162162162
(8.740156028287838e-43-2.976549929253986e-42j),907.9171171171172
(8.750204427302148e-43-3.0094383482499214e-42j),908.9180180180181
(8.731001675271534e-43-3.0449147287605824e-42j),909.918918918919
(8.709116252396886e-43-3.076570395843795e-42j),910.9198198198198
(8.71348006907681e-43-3.1170466038434896e-42j),911.9207207207207
(8.698981259151832e-43-3.151655322371155e-42j),912.9216216216216
(8.699647876304076e-43-3.192642101483381e-42j),913.9225225225225
(8.6727788102765e-43-3.2283017470450257e-42j),914.9234234234234
(8.678268964262052e-43-3.2702682399142907e-42j),915.9243243243243
(8.687292953756922e-43-3.3115973300821356e-42j),916.9252252252253
(8.682784567834094e-43-3.353327093727241e-42j),917.9261261261262
(8.671994807987027e-43-3.3964799692975246e-42j),918.9270270270271
(8.661654818106856e-43-3.44023845250969e-42j),919.927927927928
(8.751613367366629e-43-3.487817264643568e-42j),920.9288288288288
(8.657369412470117e-43-3.532155038077679e-42j),921.9297297297297
(8.650684978140807e-43-3.576957694847441e-42j),922.9306306306306
(8.648827604488277e-43-3.626073751765334e-42j),923.9315315315315
(8.597996399992188e-43-3.6757436966574984e-42j),924.9324324324324
(8.623242569168887e-43-3.725798815633967e-42j),925.9333333333334
(8.606760226666542e-43-3.781311505092525e-42j),926.9342342342343
(8.596819314115435e-43-3.8333659737090495e-42j),927.9351351351352
(8.600846540861672e-43-3.893066075831343e-42j),928.9360360360361
(8.592992474151349e-43-3.944643427837168e-42j),929.936936936937
(8.559893447412925e-43-4.0032645573087164e-42j),930.9378378378378
(8.559900615742893e-43-4.063486987885467e-42j),931.9387387387387
(8.596602476987e-43-4.1267297283358376e-42j),932.9396396396396
(8.546388866383128e-43-4.188964283508863e-42j),933.9405405405406
(8.523257135026516e-43-4.2542215891995203e-42j),934.9414414414415
(8.50449043046236e-43-4.3210379859601855e-42j),935.9423423423424
(8.449923317099546e-43-4.38561774340788e-42j),936.9432432432433
(8.483309572735083e-43-4.4632082713370965e-42j),937.9441441441442
(8.48178170906129e-43-4.5365130079556625e-42j),938.945045045045
(8.468554510031943e-43-4.610600624291702e-42j),939.9459459459459
(8.448422023116606e-43-4.6928858452550346e-42j),940.9468468468468
(8.428218582648001e-43-4.770892755846485e-42j),941.9477477477477
(8.421220546033995e-43-4.855752728859729e-42j),942.9486486486487
(8.383501966357428e-43-4.942703252997509e-42j),943.9495495495496
(8.363638756056338e-43-5.030737505773051e-42j),944.9504504504505
(8.332776128213958e-43-5.1277350959844826e-42j),945.9513513513514
(8.333521418531014e-43-5.22245277847928e-42j),946.9522522522523
(8.294988248523397e-43-5.324043199804853e-42j),947.9531531531532
(8.235669210657096e-43-5.425948758071612e-42j),948.954054054054
(8.254415713840768e-43-5.5371759056742025e-42j),949.9549549549549
(8.21564071811703e-43-5.651071231022715e-42j),950.9558558558558
(8.181524035842897e-43-5.766848738209983e-42j),951.9567567567568
(8.15808485611089e-43-5.890578549541868e-42j),952.9576576576577
(8.132676788877597e-43-6.015742766594898e-42j),953.9585585585586
(8.075863245754643e-43-6.148274745647569e-42j),954.9594594594595
(8.051657401700358e-43-6.286858724159352e-42j),955.9603603603604
(7.996580109627579e-43-6.430896098433553e-42j),956.9612612612613
(7.972826240616024e-43-6.581486798188022e-42j),957.9621621621621
(7.918427446047201e-43-6.741058931867362e-42j),958.963063063063
(7.856210715117875e-43-6.908160485921631e-42j),959.963963963964
(7.797427498409802e-43-7.085457182220734e-42j),960.9648648648649
(7.745458900248334e-43-7.267454316120584e-42j),961.9657657657658
(7.704496668541322e-43-7.460636544906128e-42j),962.9666666666667
(7.616515843621524e-43-7.661847237986739e-42j),963.9675675675676
(7.548165973300173e-43-7.876342830564966e-42j),964.9684684684685
(7.452022067876029e-43-8.103688217095738e-42j),965.9693693693694
(7.379745716219843e-43-8.34485093961299e-42j),966.9702702702702
(7.28985880774521e-43-8.59936666656092e-42j),967.9711711711711
(7.214341007744397e-43-8.867096479410938e-42j),968.9720720720721
(7.045258112903148e-43-9.155562154034947e-42j),969.972972972973
(6.918852281457539e-43-9.462249993930402e-42j),970.9738738738739
(6.808154905938103e-43-9.791360794592571e-42j),971.9747747747748
(6.654675075046089e-43-1.013769955463076e-41j),972.9756756756757
(6.452229613381754e-43-1.0520520910407856e-41j),973.9765765765766
(6.245048501312904e-43-1.092597909338366e-41j),974.9774774774775
(6.0342244566507375e-43-1.1364786508617672e-41j),975.9783783783784
(5.7846800110594544e-43-1.1841714904637372e-41j),976.9792792792792
(5.527037397744965e-43-1.2356844797580892e-41j),977.9801801801802
(5.2261096089290815e-43-1.2918573063784184e-41j),978.9810810810811
(4.837779714483103e-43-1.3535508506642841e-41j),979.981981981982
(4.428612866346664e-43-1.421005977733716e-41j),980.9828828828829
(3.9292504678847665e-43-1.4960992584508816e-41j),981.9837837837838
(3.3294821270626787e-43-1.5792584989168675e-41j),982.9846846846847
(2.6774389771550514e-43-1.6723883678302657e-41j),983.9855855855856
(1.8412450683352304e-43-1.7764021847348283e-41j),984.9864864864865
(9.033869185717017e-44-1.8951202915961757e-41j),985.9873873873875
(-2.922059055013977e-44-2.0301022549986638e-41j),986.9882882882883
(-1.7676251285830008e-43-2.1857848213316498e-41j),987.9891891891892
(-3.6308393797222205e-43-2.367627797140075e-41j),988.9900900900901
(-6.025972814544253e-43-2.5820419620626853e-41j),989.990990990991
(-9.166966688533225e-43-2.838984152102778e-41j),990.9918918918919
(-1.3414569113537701e-42-3.1525536817530124e-41j),991.9927927927928
(-1.9287940091887054e-42-3.5435031214772663e-41j),992.9936936936937
(-2.7951038672931502e-42-4.043522690896988e-41j),993.9945945945946
(-4.1189799336923064e-42-4.706917828479024e-41j),994.9954954954956
(-6.314680509654049e-42-5.627401081545128e-41j),995.9963963963964
(-1.0330807111342804e-41-6.985587223277943e-41j),996.9972972972973
(-1.8914327062902913e-41-9.174185109089864e-41j),997.9981981981982
(-4.2714612459945226e-41-1.316058550738314e-40j),998.9990990990991
(-1.5288498498976578e-40-1.9828770589470774e-40j),1000.0
